Date,Country,Business Unit,Revenue,COGS,Accounts Receivable,Inventory,Accounts Payable,Operating Working Capital,DSO,DIO,DPO,CCC
2025-01-01,Austria,Industrial Solutions,9423951.98,6581585.76,14795039.95,16658146.77,9980514.87,21472671.85,48.67,78.46,47.01,80.12
2025-01-01,Austria,Services,6350556.92,3400194.61,10677232.12,8607232.7,5330545.31,13953919.51,52.12,78.47,48.6,81.99
2025-01-01,Austria,Equipment,6936580.23,5135151.07,10954747.55,13511650.71,7799409.23,16666989.04,48.96,81.57,47.08,83.44
2025-01-01,Germany,Industrial Solutions,10585172.38,7113374.33,12994646.03,11883389.4,9516753.46,15361281.97,38.06,51.79,41.47,48.37
2025-01-01,Germany,Services,7719846.07,4154074.63,10082785.33,6912252.74,5613266.55,11381771.51,40.49,51.58,41.89,50.18
2025-01-01,Germany,Equipment,8753647.52,6189055.58,10739441.97,11442976.37,8156986.6,14025431.75,38.03,57.32,40.86,54.49
2025-01-01,France,Industrial Solutions,10660626.57,7105919.36,21769584.48,13653020.43,8953834.56,26468770.36,63.3,59.56,39.06,83.8
2025-01-01,France,Services,7556052.77,4107109.52,16174462.73,7769211.19,5016443.13,18927230.79,66.36,58.64,37.86,87.14
2025-01-01,France,Equipment,7728802.59,5563127.51,15752824.3,11583370.23,6720620.24,20615574.29,63.18,64.55,37.45,90.28
2025-01-01,Italy,Industrial Solutions,8779141.43,5902373.15,15594650.73,12410628.74,13449522.79,14555756.67,55.07,65.18,70.64,49.61
2025-01-01,Italy,Services,6297537.09,3520823.15,12093192.22,7557256.84,8225429.71,11425019.35,59.53,66.54,72.42,53.65
2025-01-01,Italy,Equipment,6959339.39,4887007.32,12121989.15,10734067.96,11231513.67,11624543.45,54.0,68.09,71.25,50.84
2025-01-01,Switzerland,Industrial Solutions,7552146.97,5065006.27,7949530.23,7289235.8,6449589.91,8789176.12,32.63,44.61,39.47,37.77
2025-01-01,Switzerland,Services,5326350.61,2866378.24,6122659.56,4054657.23,3806599.18,6370717.6,35.63,43.85,41.17,38.32
2025-01-01,Switzerland,Equipment,6080357.26,4298718.45,6090282.46,7064650.38,5615576.43,7539356.41,31.05,50.95,40.5,41.5
2025-02-01,Austria,Industrial Solutions,10151510.9,7015382.61,16957826.53,19376892.56,11749188.13,24585530.96,46.77,77.34,46.89,77.22
2025-02-01,Austria,Services,7138035.29,3954962.92,12869507.46,10728889.66,6703044.77,16895352.36,50.48,75.96,47.46,78.98
2025-02-01,Austria,Equipment,7440567.19,5431011.27,12860532.9,16473094.99,9294783.77,20038844.12,48.4,84.93,47.92,85.4
2025-02-01,Germany,Industrial Solutions,10843339.58,7467812.17,14946223.01,13919784.48,11383836.13,17482171.35,38.59,52.19,42.68,48.1
2025-02-01,Germany,Services,7860143.54,4328975.5,11459457.92,7810601.61,6340694.69,12929364.84,40.82,50.52,41.01,50.33
2025-02-01,Germany,Equipment,8248562.93,5987573.51,11069786.99,12195257.02,9200990.35,14064053.66,37.58,57.03,43.03,51.58
2025-02-01,France,Industrial Solutions,10541036.95,7129363.13,24845468.59,14527660.5,9429986.76,29943142.33,66.0,57.06,37.04,86.02
2025-02-01,France,Services,7334170.79,3951800.12,18270772.71,8337205.72,5406085.23,21201893.2,69.75,59.07,38.3,90.52
2025-02-01,France,Equipment,8732649.26,6402067.9,19890986.23,14743933.33,8709030.27,25925889.3,63.78,64.48,38.09,90.17
2025-02-01,Italy,Industrial Solutions,9220050.94,6418635.51,17913048.04,14551780.82,16235635.9,16229192.96,54.4,63.48,70.82,47.05
2025-02-01,Italy,Services,6102153.07,3420223.15,12913756.05,7704921.55,8800530.8,11818146.8,59.26,63.08,72.05,50.29
2025-02-01,Italy,Equipment,6772210.95,4794691.88,12999151.46,11869941.92,12656851.24,12212242.15,53.75,69.32,73.91,49.15
2025-02-01,Switzerland,Industrial Solutions,7736311.52,5266622.93,8949198.39,8394959.32,7736721.19,9607436.52,32.39,44.63,41.13,35.89
2025-02-01,Switzerland,Services,5775661.39,3129304.26,7218384.86,4969153.15,4412723.26,7774814.75,34.99,44.46,39.48,39.97
2025-02-01,Switzerland,Equipment,5742112.72,4161499.6,6563469.39,7231264.9,5866042.64,7928691.65,32.01,48.65,39.47,41.19
2025-03-01,Austria,Industrial Solutions,10909515.83,7302547.61,16532244.12,18362524.26,11636650.44,23258117.93,46.98,77.95,49.4,75.53
2025-03-01,Austria,Services,6977135.75,3877058.1,11658693.92,9601614.88,6085388.25,15174920.55,51.8,76.77,48.66,79.92
2025-03-01,Austria,Equipment,7873071.81,5713611.12,12288230.94,15330569.3,8629402.26,18989397.98,48.38,83.18,46.82,84.74
2025-03-01,Germany,Industrial Solutions,12441226.14,8369061.37,14963689.64,13651617.89,11400564.94,17214742.6,37.29,50.57,42.23,45.62
2025-03-01,Germany,Services,8456427.95,4516133.35,11192423.08,7451134.44,6171927.81,12471629.71,41.03,51.15,42.37,49.81
2025-03-01,Germany,Equipment,8840500.54,6438081.35,10763097.4,12147956.83,8532857.07,14378197.16,37.74,58.49,41.09,55.15
2025-03-01,France,Industrial Solutions,11221815.89,7453863.62,24129186.57,14261679.47,9004292.96,29386573.08,66.66,59.31,37.45,88.52
2025-03-01,France,Services,8072048.84,4524127.75,17765074.27,8479555.72,5459808.32,20784821.66,68.23,58.1,37.41,88.92
2025-03-01,France,Equipment,8370316.52,6170260.19,17972319.84,12639703.06,7490494.43,23121528.47,66.56,63.5,37.63,92.43
2025-03-01,Italy,Industrial Solutions,9190632.19,6334358.25,16694476.19,13590189.3,14959110.59,15325554.9,56.31,66.51,73.21,49.61
2025-03-01,Italy,Services,6590443.81,3534300.92,12080170.38,7587843.25,8261117.56,11406896.07,56.82,66.55,72.46,50.92
2025-03-01,Italy,Equipment,6775946.25,4762023.7,12139775.65,10433633.66,10835092.56,11738316.76,55.54,67.92,70.53,52.93
2025-03-01,Switzerland,Industrial Solutions,8368655.82,5756206.87,8717376.52,8217547.4,7521919.64,9413004.28,32.29,44.26,40.51,36.04
2025-03-01,Switzerland,Services,5578386.57,3035971.01,6391325.2,4446621.11,3999464.44,6838481.87,35.52,45.4,40.84,40.08
2025-03-01,Switzerland,Equipment,6521046.7,4714396.79,6567294.71,7543513.51,5997394.89,8113413.34,31.22,49.6,39.44,41.39
2025-04-01,Austria,Industrial Solutions,10282109.06,7190266.84,16345853.13,19134445.2,11594947.43,23885350.9,47.69,79.83,48.38,79.15
2025-04-01,Austria,Services,7603811.31,4182757.93,12986125.01,10870288.34,6570039.11,17286374.24,51.24,77.96,47.12,82.08
2025-04-01,Austria,Equipment,8377825.11,5952690.77,13021941.2,16612859.08,9339787.44,20295012.85,46.63,83.72,47.07,83.28
2025-04-01,Germany,Industrial Solutions,12843989.08,8971786.93,16674019.88,15429946.86,12195335.22,19908631.52,38.95,51.59,40.78,49.76
2025-04-01,Germany,Services,8879688.87,4862784.7,12475362.26,8663293.16,6952093.73,14186561.69,42.15,53.45,42.89,52.7
2025-04-01,Germany,Equipment,9152533.01,6544392.62,11837456.52,12297758.68,8980460.26,15154754.93,38.8,56.37,41.17,54.01
2025-04-01,France,Industrial Solutions,11748336.31,8197931.68,25754121.79,15915959.96,10133070.51,31537011.24,65.76,58.24,37.08,86.93
2025-04-01,France,Services,8189888.93,4636883.97,18162864.85,8974501.46,6006373.83,21130992.48,66.53,58.06,38.86,85.73
2025-04-01,France,Equipment,9235336.69,6728045.11,20252997.3,14009780.64,8416647.49,25846130.45,65.79,62.47,37.53,90.73
2025-04-01,Italy,Industrial Solutions,9901623.94,6858385.83,18552784.55,15228277.17,16471327.83,17309733.89,56.21,66.61,72.05,50.77
2025-04-01,Italy,Services,6610802.65,3701016.49,12895885.43,8116041.81,9040081.2,11971846.05,58.52,65.79,73.28,51.03
2025-04-01,Italy,Equipment,7687703.91,5481343.58,13988910.87,12478228.25,13217012.16,13250126.97,54.59,68.29,72.34,50.55
2025-04-01,Switzerland,Industrial Solutions,8013818.46,5438148.35,8569944.79,8052748.7,7290381.65,9332311.84,32.08,44.42,40.22,36.29
2025-04-01,Switzerland,Services,5544191.41,2964659.28,6593422.46,4409685.08,3864427.96,7138679.58,35.68,44.62,39.1,41.2
2025-04-01,Switzerland,Equipment,6545424.48,4789049.63,6862741.5,8040602.25,6226536.19,8676807.57,31.45,50.37,39.0,42.82
2025-05-01,Austria,Industrial Solutions,10332523.73,7039334.21,16037753.08,17857921.64,11047472.76,22848201.95,48.12,78.64,48.65,78.11
2025-05-01,Austria,Services,7991693.01,4399729.98,13007961.88,11266356.11,6718813.01,17555504.97,50.46,79.38,47.34,82.5
2025-05-01,Austria,Equipment,8338483.19,5851858.41,12543502.3,16102802.14,9243599.84,19402704.59,46.63,85.3,48.97,82.97
2025-05-01,Germany,Industrial Solutions,12853325.29,8692514.69,15446840.68,14280423.06,11600472.7,18126791.04,37.26,50.93,41.37,46.81
2025-05-01,Germany,Services,8745357.19,4871878.15,11677614.96,8064277.48,6780752.38,12961140.06,41.39,51.31,43.15,49.56
2025-05-01,Germany,Equipment,9935770.11,7177084.61,12260972.14,13132914.7,9576611.37,15817275.47,38.25,56.73,41.36,53.62
2025-05-01,France,Industrial Solutions,11804393.26,8151171.06,24029988.06,14899271.27,9719584.17,29209675.16,63.11,56.66,36.96,82.81
2025-05-01,France,Services,7857684.09,4413898.45,17446827.64,8245464.86,5280028.04,20412264.45,68.83,57.91,37.08,89.66
2025-05-01,France,Equipment,9230703.68,6635528.08,18975196.46,13431584.41,8084340.16,24322440.71,63.73,62.75,37.77,88.71
2025-05-01,Italy,Industrial Solutions,9964628.97,6830870.95,17196861.29,14215040.07,15985056.59,15426844.76,53.5,64.51,72.54,45.47
2025-05-01,Italy,Services,6806560.69,3823681.88,12856111.92,7855254.17,8651987.7,12059378.39,58.55,63.69,70.14,52.09
2025-05-01,Italy,Equipment,7689202.77,5378945.57,13712343.66,12466828.48,12549608.97,13629563.18,55.28,71.85,72.33,54.81
2025-05-01,Switzerland,Industrial Solutions,8618766.3,5911147.76,8874506.1,8604183.8,7829318.18,9649371.72,31.92,45.12,41.06,35.98
2025-05-01,Switzerland,Services,5965337.85,3371724.02,6898862.49,4805102.2,4238199.13,7465765.56,35.85,44.18,38.97,41.06
2025-05-01,Switzerland,Equipment,6398067.38,4473446.71,6443747.62,7294462.86,5623678.48,8114531.99,31.22,50.55,38.97,42.8
2025-06-01,Austria,Industrial Solutions,10988008.11,7626456.82,17077936.97,20202919.46,12042618.1,25238238.33,46.63,79.47,47.37,78.73
2025-06-01,Austria,Services,7419701.96,4129007.21,12711078.52,10978557.95,6699590.1,16990046.37,51.39,79.77,48.68,82.48
2025-06-01,Austria,Equipment,8954649.03,6363029.37,14050150.54,17869096.32,10368277.25,21550969.61,47.07,84.25,48.88,82.44
2025-06-01,Germany,Industrial Solutions,13677090.82,9251660.21,17191283.1,16302168.02,12828606.44,20664844.68,37.71,52.86,41.6,48.97
2025-06-01,Germany,Services,9404640.52,5283786.81,12798250.28,9296420.92,7510277.35,14584393.85,40.83,52.78,42.64,50.97
2025-06-01,Germany,Equipment,9462796.65,6977774.32,11989986.45,13517457.12,9663409.18,15844034.4,38.01,58.12,41.55,54.58
2025-06-01,France,Industrial Solutions,12941612.23,8741792.83,27217188.41,17311876.25,10801398.16,33727666.49,63.09,59.41,37.07,85.43
2025-06-01,France,Services,8368137.74,4726759.71,19480599.87,9178668.41,6034589.34,22624678.93,69.84,58.26,38.3,89.79
2025-06-01,France,Equipment,9445203.15,6716169.48,20254228.06,14249947.48,8635967.26,25868208.28,64.33,63.65,38.58,89.41
2025-06-01,Italy,Industrial Solutions,10462501.71,7238130.48,18710782.38,15677365.78,16910360.72,17477787.44,53.65,64.98,70.09,48.54
2025-06-01,Italy,Services,7039994.75,3858413.49,13927271.03,8285115.8,9047430.39,13164956.43,59.35,64.42,70.35,53.42
2025-06-01,Italy,Equipment,7442868.4,5442949.26,13742045.69,12396265.28,12737107.51,13401203.46,55.39,68.32,70.2,53.51
2025-06-01,Switzerland,Industrial Solutions,9202299.39,6097155.82,10005344.58,9258907.93,7925334.56,11338917.95,32.62,45.56,39.0,39.18
2025-06-01,Switzerland,Services,5910883.01,3345909.16,6844008.24,4979909.97,4544940.12,7278978.08,34.74,44.65,40.75,38.64
2025-06-01,Switzerland,Equipment,7282965.86,5396643.08,7886598.98,8927626.85,7015708.27,9798517.56,32.49,49.63,39.0,43.11
2025-07-01,Austria,Industrial Solutions,10208585.38,6966164.03,15734973.24,17955116.68,10534693.63,23155396.28,47.78,79.9,46.88,80.8
2025-07-01,Austria,Services,6833946.69,3648471.03,11221803.75,8935635.1,5520042.0,14637396.84,50.9,75.92,46.9,79.93
2025-07-01,Austria,Equipment,7251183.94,5267592.73,11393389.84,14174102.49,8382448.94,17185043.4,48.71,83.42,49.33,82.79
2025-07-01,Germany,Industrial Solutions,11191393.54,7512301.85,14021879.65,12392297.74,10460836.9,15953340.49,38.84,51.14,43.17,46.81
2025-07-01,Germany,Services,7405512.85,4187861.96,9525919.82,7189662.85,5683307.86,11032274.82,39.88,53.22,42.07,51.03
2025-07-01,Germany,Equipment,9257021.48,6494615.29,11383982.75,12277968.53,8811350.69,14850600.58,38.12,58.61,42.06,54.67
2025-07-01,France,Industrial Solutions,11036756.53,7593140.01,23078466.76,14315249.4,9354806.45,28038909.71,64.82,58.44,38.19,85.07
2025-07-01,France,Services,7886197.54,4219113.56,17071412.05,8107153.55,5292918.99,19885646.61,67.11,59.57,38.89,87.78
2025-07-01,France,Equipment,8315514.85,6030325.96,17202865.3,12025850.71,7375911.95,21852804.05,64.13,61.82,37.92,88.04
2025-07-01,Italy,Industrial Solutions,8735520.96,5969970.07,15105836.02,12873978.49,14270237.14,13709577.37,53.61,66.85,74.1,46.36
2025-07-01,Italy,Services,6302386.02,3473819.59,11656802.94,7420952.76,8157653.31,10920102.39,57.34,66.22,72.8,50.76
2025-07-01,Italy,Equipment,6563075.98,4841922.79,11869507.72,11228443.88,11398059.35,11699892.25,56.06,71.89,72.98,54.98
2025-07-01,Switzerland,Industrial Solutions,8011572.05,5421144.92,8484729.98,8042246.19,6804153.27,9722822.9,32.83,45.99,38.91,39.91
2025-07-01,Switzerland,Services,5160993.61,2817506.62,5935502.59,4209504.45,3559238.0,6585769.03,35.65,46.32,39.16,42.81
2025-07-01,Switzerland,Equipment,6148677.77,4395409.88,6525975.64,7234895.25,5786626.43,7974244.46,32.9,51.03,40.81,43.12
2025-08-01,Austria,Industrial Solutions,8495961.83,5747727.48,12976187.37,14077081.5,9094462.41,17958806.45,47.35,75.92,49.05,74.22
2025-08-01,Austria,Services,6125684.11,3470142.97,10378036.94,8760367.03,5459842.78,13678561.18,52.52,78.26,48.77,82.0
2025-08-01,Austria,Equipment,6910119.58,5079661.85,10537344.45,13560027.82,7690276.9,16407095.38,47.27,82.75,46.93,83.09
2025-08-01,Germany,Industrial Solutions,10341556.31,7077057.14,12470350.86,11993490.13,9656229.69,14807611.3,37.38,52.54,42.3,47.62
2025-08-01,Germany,Services,6674037.79,3585609.45,8917821.32,6021899.22,4937296.58,10002423.96,41.42,52.06,42.69,50.8
2025-08-01,Germany,Equipment,7562253.61,5559876.55,9298729.41,10260376.95,7702969.9,11856136.46,38.12,57.21,42.95,52.38
2025-08-01,France,Industrial Solutions,9272151.05,6166609.3,18891933.72,11714146.25,7613635.16,22992444.81,63.16,58.89,38.27,83.78
2025-08-01,France,Services,6653445.08,3596372.15,14276231.77,6532707.38,4368935.49,16440003.67,66.52,56.31,37.66,85.17
2025-08-01,France,Equipment,7293861.52,5217626.95,15236206.67,10860695.82,6337569.11,19759333.38,64.76,64.53,37.65,91.63
2025-08-01,Italy,Industrial Solutions,7688084.66,5316872.1,13555479.88,11229943.61,12617351.05,12168072.44,54.66,65.48,73.57,46.57
2025-08-01,Italy,Services,5600228.73,3014902.32,10746030.51,6318579.13,6900782.27,10163827.37,59.48,64.97,70.96,53.5
2025-08-01,Italy,Equipment,5875048.5,4351868.19,10418856.44,9725829.74,10188466.3,9956219.87,54.98,69.28,72.58,51.68
2025-08-01,Switzerland,Industrial Solutions,6609660.34,4380190.34,6670948.75,6216440.13,5533814.69,7353574.18,31.29,44.0,39.16,36.12
2025-08-01,Switzerland,Services,4518493.02,2506177.03,5004150.59,3604311.18,3310764.33,5297697.44,34.33,44.58,40.95,37.96
2025-08-01,Switzerland,Equipment,5231602.08,3804622.42,5294187.93,6023191.9,4773952.42,6543427.41,31.37,49.08,38.9,41.55
2025-09-01,Austria,Industrial Solutions,10785777.44,7236895.18,16922809.37,18351590.88,11315472.12,23958928.12,47.07,76.08,46.91,76.24
2025-09-01,Austria,Services,7739401.88,4181668.59,13049835.25,10874567.56,6767101.88,17157300.93,50.58,78.02,48.55,80.05
2025-09-01,Austria,Equipment,8162358.83,5982474.62,13159995.13,16136161.87,9786512.16,19509644.84,48.37,80.92,49.08,80.21
2025-09-01,Germany,Industrial Solutions,13569158.95,8984031.33,16957505.06,15858416.85,12764995.18,20050926.73,37.49,52.96,42.63,47.82
2025-09-01,Germany,Services,8603863.29,4649601.09,11667229.06,8051824.52,6555627.88,13163425.7,40.68,51.95,42.3,50.34
2025-09-01,Germany,Equipment,9779703.11,7025557.79,12571558.56,12977483.08,9689682.34,15859359.29,38.56,55.42,41.38,52.6
2025-09-01,France,Industrial Solutions,12671517.22,8820952.81,27474190.19,17086701.6,10909857.99,33651033.8,65.05,58.11,37.1,86.05
2025-09-01,France,Services,8499622.37,4683941.04,18968119.83,8930240.62,5889307.66,22009052.79,66.95,57.2,37.72,86.43
2025-09-01,France,Equipment,8956650.8,6379946.15,19070097.01,13259216.65,7896896.94,24432416.72,63.87,62.35,37.13,89.09
2025-09-01,Italy,Industrial Solutions,10582531.46,7236531.55,19609796.83,15951189.28,17366052.4,18194933.71,55.59,66.13,71.99,49.73
2025-09-01,Italy,Services,6651492.35,3666465.65,12926556.15,8060995.32,8763435.78,12224115.69,58.3,65.96,71.7,52.55
2025-09-01,Italy,Equipment,7428487.73,5279122.55,13507014.11,12425796.71,12723699.33,13209111.49,54.55,70.61,72.31,52.86
2025-09-01,Switzerland,Industrial Solutions,8830433.13,6179977.05,9478907.07,9123811.67,8043091.39,10559627.34,32.2,44.29,39.04,37.45
2025-09-01,Switzerland,Services,5961660.74,3228934.45,6813667.68,4752316.76,4249732.84,7316251.6,34.29,44.15,39.48,38.96
2025-09-01,Switzerland,Equipment,6641082.99,4895409.69,6905408.9,8171015.48,6492121.38,8584303.0,31.19,50.07,39.78,41.48
2025-10-01,Austria,Industrial Solutions,12102209.37,8037938.76,18624060.37,20794179.11,12718783.27,26699456.21,47.71,80.2,49.05,78.85
2025-10-01,Austria,Services,8221345.3,4456057.89,13258355.64,11325466.45,7077456.53,17506365.57,49.99,78.79,49.24,79.55
2025-10-01,Austria,Equipment,8859941.62,6406567.68,13537516.29,17430426.15,9733578.05,21234364.39,47.37,84.34,47.1,84.61
2025-10-01,Germany,Industrial Solutions,12877638.88,8717618.17,15792700.84,14397095.34,11538017.6,18651778.58,38.02,51.2,41.03,48.18
2025-10-01,Germany,Services,9228903.28,5011523.43,12265464.33,8232091.94,6782122.64,13715433.63,41.2,50.92,41.95,50.17
2025-10-01,Germany,Equipment,10159576.61,7118193.33,12331581.92,12801197.73,9391355.05,15741424.6,37.63,55.75,40.9,52.48
2025-10-01,France,Industrial Solutions,13323879.15,8963666.84,28456586.78,16523840.16,11107378.71,33873048.23,66.21,57.15,38.41,84.94
2025-10-01,France,Services,8984052.61,4969583.31,19673345.32,9248748.25,6036507.91,22885585.66,67.88,57.69,37.66,87.92
2025-10-01,France,Equipment,10178941.05,7474220.91,21938443.43,14847140.46,9288859.97,27496723.92,66.81,61.58,38.53,89.87
2025-10-01,Italy,Industrial Solutions,10837578.4,7228603.12,18727838.09,15376024.78,16864033.5,17239829.36,53.57,65.94,72.32,47.19
2025-10-01,Italy,Services,7420386.66,3993002.73,14129261.23,8222538.91,9086914.14,13264886.0,59.03,63.84,70.55,52.32
2025-10-01,Italy,Equipment,7600918.21,5575954.76,13619166.09,12608290.42,12840910.78,13386545.72,55.55,70.1,71.39,54.25
2025-10-01,Switzerland,Industrial Solutions,9566256.72,6463075.54,10062427.88,9347622.1,8277879.35,11132170.63,32.61,44.84,39.7,37.74
2025-10-01,Switzerland,Services,6307624.69,3427850.07,7227312.94,4976723.57,4351966.43,7852070.08,35.52,45.01,39.36,41.17
2025-10-01,Switzerland,Equipment,7377560.6,5274838.53,7635447.16,8715295.19,6856978.91,9493763.44,32.08,51.22,40.3,43.0
2025-11-01,Austria,Industrial Solutions,10417983.19,7271180.85,16796497.3,18717802.95,11382089.23,24132211.02,48.37,77.23,46.96,78.63
2025-11-01,Austria,Services,7826739.65,4335719.49,13332170.32,11539288.68,7057273.73,17814185.26,51.1,79.84,48.83,82.11
2025-11-01,Austria,Equipment,8048888.28,5729733.07,12683880.5,16084287.52,8910990.39,19857177.63,47.28,84.21,46.66,84.83
2025-11-01,Germany,Industrial Solutions,12663320.96,8746661.07,16402810.47,15017228.42,12481359.52,18938679.37,38.86,51.51,42.81,47.56
2025-11-01,Germany,Services,8287779.88,4653032.5,11073474.56,8015552.08,6630444.81,12458581.83,40.08,51.68,42.75,49.01
2025-11-01,Germany,Equipment,9254184.28,6554772.6,11878280.99,12618488.94,9254397.65,15242372.27,38.51,57.75,42.36,53.9
2025-11-01,France,Industrial Solutions,12291565.05,8379690.36,26235123.12,16050744.4,10411497.91,31874369.62,64.03,57.46,37.27,84.22
2025-11-01,France,Services,8723600.98,4821987.27,19655864.72,9301256.66,6271766.93,22685354.44,67.6,57.87,39.02,86.44
2025-11-01,France,Equipment,8855636.04,6409046.33,19193990.65,13549001.03,7883402.84,24859588.84,65.02,63.42,36.9,91.54
2025-11-01,Italy,Industrial Solutions,10266868.05,7162479.53,18896149.95,15701811.63,17625715.5,16972246.08,55.21,65.77,73.83,47.16
2025-11-01,Italy,Services,6973206.2,3755307.15,13543241.03,8188596.04,8971709.75,12760127.32,58.27,65.42,71.67,52.01
2025-11-01,Italy,Equipment,7774502.21,5743527.44,14617198.22,13362034.28,13464587.45,14514645.05,56.4,69.79,70.33,55.87
2025-11-01,Switzerland,Industrial Solutions,9244268.73,6413923.62,9638491.29,9863817.73,8741697.13,10760611.89,31.28,46.14,40.89,36.53
2025-11-01,Switzerland,Services,6061671.91,3352177.85,7029095.69,4893940.14,4425374.61,7497661.21,34.79,43.8,39.6,38.98
2025-11-01,Switzerland,Equipment,6964221.02,4865205.53,7354291.31,8059132.85,6501495.68,8911928.48,31.68,49.69,40.09,41.29
2025-12-01,Austria,Industrial Solutions,12562576.78,8463796.37,19273110.27,21599473.42,13067661.39,27804922.3,47.56,79.11,47.86,78.81
2025-12-01,Austria,Services,8006367.35,4390936.08,12887932.81,10833642.02,6798202.93,16923371.9,49.9,76.49,48.0,78.39
2025-12-01,Austria,Equipment,9110493.7,6722827.74,13990101.87,18086863.71,10492148.35,21584817.23,47.6,83.4,48.38,82.62
2025-12-01,Germany,Industrial Solutions,12950372.14,8892662.14,15567985.74,15329383.1,11794145.63,19103223.22,37.27,53.44,41.11,49.59
2025-12-01,Germany,Services,9424446.11,5054486.32,12836190.05,8479609.8,6887205.6,14428594.25,42.22,52.01,42.24,51.99
2025-12-01,Germany,Equipment,10030360.3,7330170.18,12081272.84,13799954.69,9755499.3,16125728.23,37.34,58.36,41.26,54.44
2025-12-01,France,Industrial Solutions,12667682.52,8374493.77,26516753.55,15729365.14,9998015.2,32248103.5,64.89,58.23,37.01,86.11
2025-12-01,France,Services,9409140.66,5160523.47,20669609.37,9620856.19,6288137.77,24002327.79,68.1,57.79,37.77,88.12
2025-12-01,France,Equipment,10192427.22,7186745.45,20963363.36,14922361.1,9045363.76,26840360.7,63.76,64.37,39.02,89.11
2025-12-01,Italy,Industrial Solutions,10600356.18,7109090.53,18969576.23,14824532.18,16041242.89,17752865.52,55.48,64.64,69.95,50.17
2025-12-01,Italy,Services,7144517.9,3980404.42,13494624.25,8109197.59,9090591.39,12513230.45,58.55,63.16,70.8,50.91
2025-12-01,Italy,Equipment,8012795.92,5828714.21,13806575.89,12848978.57,13781268.51,12874285.95,53.42,68.34,73.3,48.46
2025-12-01,Switzerland,Industrial Solutions,9198917.84,6312592.17,9346489.53,8943210.55,8019764.15,10269935.94,31.5,43.92,39.38,36.03
2025-12-01,Switzerland,Services,6800675.54,3820197.76,7830311.35,5511238.56,4978999.83,8362550.08,35.69,44.72,40.4,40.01
2025-12-01,Switzerland,Equipment,7099442.13,5048157.59,7502728.18,7904275.82,6351758.06,9055245.94,32.76,48.54,39.01,42.29
2026-01-01,Austria,Industrial Solutions,9971215.22,6587807.54,15144196.13,19861893.74,10152385.77,24853704.1,47.08,93.46,47.77,92.77
2026-01-01,Austria,Services,7491017.04,4198532.55,12206965.34,12413785.32,6454026.78,18166723.87,50.52,91.66,47.65,94.52
2026-01-01,Austria,Equipment,8034928.37,5704641.25,12533852.95,17936006.82,8860576.85,21609282.92,48.36,97.47,48.15,97.67
2026-01-01,Germany,Industrial Solutions,11792371.49,7919924.18,14844113.05,13495154.83,10498519.97,17840747.9,39.02,52.82,41.09,50.75
2026-01-01,Germany,Services,8590774.68,4721362.87,11630966.28,8062191.38,6367982.04,13325175.62,41.97,52.94,41.81,53.09
2026-01-01,Germany,Equipment,8617300.16,6118342.24,10589529.42,11339951.73,8168949.44,13760531.7,38.09,57.46,41.39,54.16
2026-01-01,France,Industrial Solutions,10874860.61,7543511.85,27074828.17,14135422.3,9064728.86,32145521.62,77.18,58.09,37.25,98.02
2026-01-01,France,Services,7654297.84,4088213.23,19737944.85,7473487.71,5034365.24,22177067.32,79.94,56.67,38.17,98.43
2026-01-01,France,Equipment,8506609.34,6144668.36,20767484.96,12734611.89,7399496.95,26102599.9,75.68,64.25,37.33,102.6
2026-01-01,Italy,Industrial Solutions,8754361.71,5823269.51,15904715.81,12483994.93,15115626.53,13273084.22,56.32,66.46,80.47,42.31
2026-01-01,Italy,Services,6516189.67,3619392.86,11954116.45,7777749.11,9294845.88,10437019.68,56.87,66.62,79.61,43.88
2026-01-01,Italy,Equipment,7053597.89,5084354.99,12174279.61,11250921.53,13308309.26,10116891.89,53.5,68.6,81.14,40.96
2026-01-01,Switzerland,Industrial Solutions,7852884.01,5373010.82,7982347.74,7747725.29,6845019.06,8885053.97,31.51,44.7,39.49,36.72
2026-01-01,Switzerland,Services,5624015.44,3133861.77,6272401.94,4567279.28,4037881.92,6801799.3,34.57,45.18,39.94,39.81
2026-01-01,Switzerland,Equipment,6483934.98,4790791.81,6786491.79,7594922.8,6007782.67,8373631.91,32.45,49.14,38.87,42.72
2026-02-01,Austria,Industrial Solutions,10365991.47,7089085.74,17291994.0,23540758.33,12223332.65,28609419.68,46.71,92.98,48.28,91.41
2026-02-01,Austria,Services,7240263.18,4046873.44,12876340.2,13098756.47,7032480.87,18942615.8,49.8,90.63,48.66,91.77
2026-02-01,Austria,Equipment,8203559.13,5973331.2,14008251.87,20588546.04,10436052.74,24160745.17,47.81,96.51,48.92,95.4
2026-02-01,Germany,Industrial Solutions,12711854.43,8745039.1,17015948.02,16328711.93,13008137.67,20336522.28,37.48,52.28,41.65,48.11
2026-02-01,Germany,Services,8078925.04,4554666.46,11572071.56,8687170.74,6809866.38,13449375.92,40.11,53.4,41.86,51.65
2026-02-01,Germany,Equipment,9082548.81,6555875.65,12602139.14,13531844.59,10014693.39,16119290.34,38.85,57.79,42.77,53.87
2026-02-01,France,Industrial Solutions,11961085.23,8227371.28,32709885.98,16786436.28,11158633.49,38337688.77,76.57,57.13,37.98,95.72
2026-02-01,France,Services,7854068.43,4446133.51,22462130.16,8955339.43,6108465.24,25309004.35,80.08,56.4,38.47,98.01
2026-02-01,France,Equipment,9489537.84,6701519.74,25522028.49,15454313.81,8840596.21,32135746.1,75.31,64.57,36.94,102.94
2026-02-01,Italy,Industrial Solutions,9830867.75,6603706.88,19802354.63,15763314.15,19370672.05,16194996.73,56.4,66.84,82.13,41.11
2026-02-01,Italy,Services,6627907.65,3724535.52,14013061.3,8552397.09,10851539.89,11713918.5,59.2,64.29,81.58,41.91
2026-02-01,Italy,Equipment,6976773.94,5052292.65,13482373.73,12343180.56,14068717.94,11756836.35,54.11,68.41,77.97,44.55
2026-02-01,Switzerland,Industrial Solutions,8737390.06,5884342.98,10120254.35,9210354.82,8313041.83,11017567.33,32.43,43.83,39.56,36.7
2026-02-01,Switzerland,Services,5937766.09,3322737.47,7341492.22,5380450.25,4856696.62,7865245.84,34.62,45.34,40.93,39.03
2026-02-01,Switzerland,Equipment,6657696.48,4716737.28,7391671.74,8609780.05,6544649.28,9456802.51,31.09,51.11,38.85,43.35
2026-03-01,Austria,Industrial Solutions,11737037.9,7995042.93,18652241.27,24415110.06,12749269.48,30318081.85,49.26,94.67,49.43,94.5
2026-03-01,Austria,Services,7636696.21,4267517.3,12489670.96,12787093.28,6658320.31,18618443.93,50.7,92.89,48.37,95.22
2026-03-01,Austria,Equipment,9027428.43,6688533.72,14202948.5,21040070.61,10307571.62,24935447.49,48.77,97.52,47.77,98.52
2026-03-01,Germany,Industrial Solutions,13285056.37,8892247.63,15904304.22,14785920.68,11893766.23,18796458.67,37.11,51.55,41.46,47.19
2026-03-01,Germany,Services,8723820.69,4721410.76,11220957.87,7690685.68,6583940.35,12327703.19,39.87,50.5,43.23,47.14
2026-03-01,Germany,Equipment,9849882.46,7042694.64,12204193.68,12730563.0,9799319.4,15135437.28,38.41,56.04,43.13,51.31
2026-03-01,France,Industrial Solutions,12779741.99,8476137.92,30765832.76,16219317.32,10667353.28,36317796.79,74.63,59.32,39.01,94.93
2026-03-01,France,Services,8520139.87,4717964.2,21009488.27,9087296.23,5690201.39,24406583.11,76.44,59.71,37.39,98.76
2026-03-01,France,Equipment,10008926.73,7271132.31,24371677.05,14788067.02,8768968.48,30390775.59,75.48,63.05,37.39,101.15
2026-03-01,Italy,Industrial Solutions,9716410.39,6496351.54,16914467.08,13849881.88,16614021.16,14150327.8,53.97,66.09,79.28,40.78
2026-03-01,Italy,Services,6627072.74,3747479.66,12684553.9,8059285.5,9958087.94,10785751.46,59.34,66.67,82.38,43.63
2026-03-01,Italy,Equipment,7471705.13,5346136.94,13461647.49,12213902.86,13509981.28,12165569.07,55.85,70.82,78.34,48.34
2026-03-01,Switzerland,Industrial Solutions,9326154.02,6236932.42,9467469.26,9073696.7,8092531.64,10448634.32,31.47,45.1,40.22,36.35
2026-03-01,Switzerland,Services,6280584.03,3369653.08,7251576.06,4822638.8,4251288.65,7822926.21,35.79,44.37,39.11,41.05
2026-03-01,Switzerland,Equipment,7234443.21,5351202.94,7630070.41,8791257.96,6969092.67,9452235.7,32.7,50.93,40.37,43.25
2026-04-01,Austria,Industrial Solutions,11526558.55,7643826.47,18341192.62,23514856.72,12053827.91,29802221.43,47.74,92.29,47.31,92.72
2026-04-01,Austria,Services,8144167.33,4478183.61,13497057.43,13649297.97,7243877.74,19902477.66,49.72,91.44,48.53,92.63
2026-04-01,Austria,Equipment,8364543.12,6149379.06,13379371.68,20064573.01,9893558.54,23550386.15,47.99,97.89,48.27,97.61
2026-04-01,Germany,Industrial Solutions,13688461.91,9223157.18,17523912.73,16049856.42,12731926.32,20841842.83,38.41,52.21,41.41,49.2
2026-04-01,Germany,Services,9535677.36,5338215.78,13155989.93,9447541.37,7638200.53,14965330.77,41.39,53.09,42.93,51.56
2026-04-01,Germany,Equipment,10388124.05,7630689.76,13314193.68,14655014.76,10758992.95,17210215.49,38.45,57.62,42.3,53.77
2026-04-01,France,Industrial Solutions,12984481.43,8648587.68,33203014.97,17093649.72,10645455.42,39651209.27,76.71,59.29,36.93,99.08
2026-04-01,France,Services,9065789.31,4875152.73,23337866.89,9563003.52,6049501.06,26851369.34,77.23,58.85,37.23,98.85
2026-04-01,France,Equipment,10063967.73,7390456.55,25171192.59,15060306.51,9241629.68,30989869.42,75.03,61.13,37.51,98.65
2026-04-01,Italy,Industrial Solutions,10455651.68,7315112.64,19320296.34,15620992.41,19663809.72,15277479.03,55.43,64.06,80.64,38.85
2026-04-01,Italy,Services,7172619.64,4011179.21,13540063.15,8827002.16,10722962.33,11644102.98,56.63,66.02,80.2,42.45
2026-04-01,Italy,Equipment,8372187.64,5970783.66,15471147.57,14292965.04,15542357.22,14221755.38,55.44,71.81,78.09,49.16
2026-04-01,Switzerland,Industrial Solutions,9646192.26,6633355.91,10022473.23,9831208.72,8954944.92,10898737.03,31.17,44.46,40.5,35.13
2026-04-01,Switzerland,Services,6015785.53,3324994.6,6953517.04,5023675.81,4312493.71,7664699.14,34.68,45.33,38.91,41.09
2026-04-01,Switzerland,Equipment,7364570.84,5453131.26,8076539.61,9224690.53,7109466.62,10191763.52,32.9,50.75,39.11,44.54
2026-05-01,Austria,Industrial Solutions,12159102.34,8032341.26,18287178.46,23841995.66,12428698.77,29700475.35,46.62,92.02,47.97,90.67
2026-05-01,Austria,Services,8429738.7,4687345.64,13823265.61,13871040.72,7474308.09,20219998.25,50.83,91.74,49.43,93.14
2026-05-01,Austria,Equipment,8991638.01,6455096.21,13641543.7,20767393.85,10111138.76,24297798.79,47.03,99.73,48.56,98.21
2026-05-01,Germany,Industrial Solutions,13108187.85,8690219.25,16242118.1,14712281.88,11613669.0,19340730.99,38.41,52.48,41.43,49.46
2026-05-01,Germany,Services,9897527.09,5329668.99,13037132.39,9178047.89,7186063.68,15029116.61,40.83,53.38,41.8,52.42
2026-05-01,Germany,Equipment,10606225.62,7589561.33,12825051.67,14360234.35,10226694.38,16958591.64,37.49,58.66,41.77,54.37
2026-05-01,France,Industrial Solutions,13586475.98,9089109.89,32304682.79,16527035.37,11242877.2,37588840.96,73.71,56.37,38.35,91.73
2026-05-01,France,Services,8839583.79,4968056.67,22205782.25,9556187.32,5974969.28,25787000.29,77.87,59.63,37.28,100.22
2026-05-01,France,Equipment,10420627.72,7627367.87,25621011.92,15821444.4,9496106.14,31946350.18,76.22,64.3,38.6,101.93
2026-05-01,Italy,Industrial Solutions,10775007.93,7164893.15,18580749.15,15402511.0,18619459.02,15363801.14,53.46,66.64,80.56,39.54
2026-05-01,Italy,Services,7609806.11,4180753.19,13910782.64,8568955.96,10909164.76,11570573.84,56.67,63.54,80.89,39.32
2026-05-01,Italy,Equipment,8096515.39,5724743.77,14357540.81,12588836.68,14846192.75,12100184.74,54.97,68.17,80.39,42.75
2026-05-01,Switzerland,Industrial Solutions,9173337.66,6349237.7,9361507.96,9191872.2,7952499.95,10600880.2,31.64,44.88,38.83,37.69
2026-05-01,Switzerland,Services,6196714.98,3386209.07,6987869.88,4944963.63,4314684.68,7618148.83,34.96,45.27,39.5,40.73
2026-05-01,Switzerland,Equipment,7427412.06,5463287.07,7795743.15,8568347.42,7041157.81,9322932.76,32.54,48.62,39.95,41.2
2026-06-01,Austria,Industrial Solutions,11555469.82,7736103.2,19028618.74,23467501.33,12376939.39,30119180.68,49.4,91.01,48.0,92.41
2026-06-01,Austria,Services,8517153.76,4741340.6,14530981.16,14265827.99,7507155.58,21289653.57,51.18,90.26,47.5,93.95
2026-06-01,Austria,Equipment,9351032.51,6566256.06,14827559.94,20849008.64,10240362.19,25436206.39,47.57,95.26,46.79,96.04
2026-06-01,Germany,Industrial Solutions,13777591.78,9162302.48,17522338.08,16061861.58,13058565.04,20525634.62,38.15,52.59,42.76,47.99
2026-06-01,Germany,Services,9310285.61,5018494.63,12422166.92,8769930.16,7112933.05,14079164.03,40.03,52.43,42.52,49.93
2026-06-01,Germany,Equipment,10127700.86,7482794.75,12483571.02,14252537.39,10607318.63,16128789.78,36.98,57.14,42.53,51.59
2026-06-01,France,Industrial Solutions,13937624.34,9599326.17,35474866.76,18379921.55,12388826.77,41465961.55,76.36,57.44,38.72,95.08
2026-06-01,France,Services,8772425.76,4939129.66,22873437.06,9730776.29,6238332.43,26365880.92,78.22,59.1,37.89,99.44
2026-06-01,France,Equipment,10441167.29,7529549.59,26465627.96,15415136.78,9285842.82,32594921.92,76.04,61.42,37.0,100.46
2026-06-01,Italy,Industrial Solutions,10586183.83,7051556.8,19840938.29,15020975.86,19341046.01,15520868.14,56.23,63.9,82.28,37.85
2026-06-01,Italy,Services,7410337.68,3997950.48,14575677.45,8744711.79,10660047.12,12660342.12,59.01,65.62,79.99,44.64
2026-06-01,Italy,Equipment,8453873.7,6166843.17,15246251.43,14817814.6,16913391.1,13150674.93,54.1,72.08,82.28,43.91
2026-06-01,Switzerland,Industrial Solutions,9879507.34,6596955.39,10652097.4,9641436.16,8548239.36,11745294.2,32.35,43.84,38.87,37.32
2026-06-01,Switzerland,Services,6523104.15,3579661.41,7778447.76,5442679.06,4842386.45,8378740.38,35.77,45.61,40.58,40.8
2026-06-01,Switzerland,Equipment,7398217.29,5277476.81,7830370.44,9053150.61,6842470.7,10041050.35,31.75,51.46,38.9,44.32
2026-07-01,Austria,Industrial Solutions,11140364.75,7611208.11,17186065.47,23142231.27,11775669.97,28552626.77,47.82,94.26,47.96,94.12
2026-07-01,Austria,Services,7718226.26,4347083.79,12638089.09,12866624.69,6768264.88,18736448.9,50.76,91.75,48.27,94.25
2026-07-01,Austria,Equipment,8614161.4,6094524.42,13436464.48,19418643.84,9568671.79,23286436.53,48.35,98.77,48.67,98.46
2026-07-01,Germany,Industrial Solutions,11728437.82,8078614.33,14729629.34,13290782.89,10772860.67,17247551.56,38.93,51.0,41.34,48.59
2026-07-01,Germany,Services,8975836.0,4842214.35,12123686.97,8118660.71,6460923.23,13781424.45,41.87,51.98,41.36,52.48
2026-07-01,Germany,Equipment,9859149.9,7075292.6,12096153.98,12899531.53,9639341.24,15356344.27,38.03,56.52,42.23,52.32
2026-07-01,France,Industrial Solutions,11263515.8,7609137.1,28017943.02,14029850.79,9415045.42,32632748.39,77.11,57.16,38.36,95.91
2026-07-01,France,Services,7955461.01,4447298.52,19573639.05,8555307.93,5436412.16,22692534.82,76.27,59.63,37.89,98.01
2026-07-01,France,Equipment,8742822.29,6133746.07,20732872.78,12480144.27,7445253.21,25767763.83,73.51,63.07,37.63,98.96
2026-07-01,Italy,Industrial Solutions,9982366.24,6759860.88,17443623.78,14273525.93,17661233.53,14055916.18,54.17,65.46,80.99,38.64
2026-07-01,Italy,Services,6382840.17,3440551.49,11610101.43,7316384.68,8966106.24,9960379.87,56.39,65.92,80.79,41.52
2026-07-01,Italy,Equipment,7364711.18,5412091.78,13306064.0,12283438.6,14275300.29,11314202.31,56.01,70.36,81.77,44.6
2026-07-01,Switzerland,Industrial Solutions,8234995.97,5469406.97,8383204.45,7728472.22,7070497.68,9041178.99,31.56,43.8,40.07,35.29
2026-07-01,Switzerland,Services,6219388.18,3326118.46,6862679.73,4814388.81,4403491.15,7273577.39,34.21,44.87,41.04,38.04
2026-07-01,Switzerland,Equipment,6421536.89,4625513.57,6446357.15,7303093.51,6142668.94,7606781.72,31.12,48.95,41.17,38.9
2026-08-01,Austria,Industrial Solutions,9724302.58,6416109.93,15465160.02,19408999.36,10153929.57,24720229.82,49.3,93.78,49.06,94.02
2026-08-01,Austria,Services,6341688.82,3491192.72,10426119.08,10578438.12,5288841.15,15715716.05,50.97,93.93,46.96,97.93
2026-08-01,Austria,Equipment,6685194.83,4757870.36,10478391.75,14771944.03,7443685.94,17806649.84,48.59,96.25,48.5,96.34
2026-08-01,Germany,Industrial Solutions,11189040.38,7423157.92,13857638.35,12409724.27,10279330.1,15988032.52,38.39,51.82,42.93,47.29
2026-08-01,Germany,Services,7048681.72,3921580.99,9511573.79,6753619.82,5371526.74,10893666.86,41.83,53.39,42.46,52.76
2026-08-01,Germany,Equipment,8144757.76,5905690.56,10204883.16,10904854.82,7775808.51,13333929.47,38.84,57.24,40.82,55.27
2026-08-01,France,Industrial Solutions,10655190.6,7327922.91,26051703.94,13476416.52,9068247.6,30459872.85,75.79,57.01,38.36,94.44
2026-08-01,France,Services,6924620.4,3843099.84,17011973.03,7258413.29,4852057.77,19418328.56,76.16,58.55,39.14,95.57
2026-08-01,France,Equipment,7370770.79,5458895.48,17732906.09,11340670.12,6804925.09,22268651.13,74.58,64.4,38.64,100.34
2026-08-01,Italy,Industrial Solutions,8355877.47,5763288.74,15161632.22,12014811.18,14718651.01,12457792.39,56.25,64.63,79.17,41.71
2026-08-01,Italy,Services,5854099.94,3279226.28,11125198.05,6998659.4,8429811.77,9694045.67,58.91,66.16,79.69,45.38
2026-08-01,Italy,Equipment,6619513.52,4657443.58,11775647.78,10204937.61,11892708.87,10087876.52,55.15,67.92,79.16,43.91
2026-08-01,Switzerland,Industrial Solutions,7250119.55,4899368.67,7571766.91,7064432.38,6302305.21,8333894.08,32.38,44.7,39.88,37.2
2026-08-01,Switzerland,Services,4940399.75,2696555.7,5486595.4,3814115.28,3501023.21,5799687.47,34.43,43.85,40.25,38.03
2026-08-01,Switzerland,Equipment,5782248.39,4193066.71,5955698.78,6714230.21,5528355.66,7141573.33,31.93,49.64,40.87,40.7
2026-09-01,Austria,Industrial Solutions,12158336.73,8257341.93,18899668.03,25353938.0,13116777.58,31136828.44,46.63,92.11,47.65,91.09
2026-09-01,Austria,Services,8296116.67,4584813.11,14131832.95,14304939.43,7452287.24,20984485.14,51.1,93.6,48.76,95.94
2026-09-01,Austria,Equipment,9681663.9,7062027.52,15914044.07,22402447.98,11092995.31,27223496.74,49.31,95.17,47.12,97.36
2026-09-01,Germany,Industrial Solutions,13125795.74,9004518.6,17023067.49,15367611.13,12929326.25,19461352.37,38.91,51.2,43.08,47.03
2026-09-01,Germany,Services,9148170.47,5162645.49,12391194.4,8734582.32,7221576.8,13904199.93,40.63,50.76,41.96,49.43
2026-09-01,Germany,Equipment,10417679.82,7403912.86,13043150.83,14323202.26,10389833.53,16976519.56,37.56,58.04,42.1,53.5
2026-09-01,France,Industrial Solutions,13041475.49,8926911.08,33026527.28,17023241.97,11248768.5,38801000.75,75.97,57.21,37.8,95.38
2026-09-01,France,Services,8818731.13,4757510.8,23177868.76,9022049.2,6035278.69,26164639.27,78.85,56.89,38.06,97.68
2026-09-01,France,Equipment,10521806.13,7397009.45,26410752.24,15306830.72,9629790.17,32087792.79,75.3,62.08,39.06,98.33
2026-09-01,Italy,Industrial Solutions,10895947.14,7545274.47,20036102.33,15900234.57,20281478.1,15654858.8,55.17,63.22,80.64,37.75
2026-09-01,Italy,Services,7967691.51,4408947.51,15699214.59,9772932.61,11565372.25,13906774.96,59.11,66.5,78.69,46.91
2026-09-01,Italy,Equipment,8107887.54,5876551.31,14785109.67,13991562.8,16046924.53,12729747.94,54.71,71.43,81.92,44.21
2026-09-01,Switzerland,Industrial Solutions,9533752.25,6380600.2,10340501.22,9441581.77,8672144.78,11109938.21,32.54,44.39,40.77,36.16
2026-09-01,Switzerland,Services,6656980.58,3698146.74,7578001.4,5588444.61,4916592.71,8249853.3,34.15,45.33,39.88,39.6
2026-09-01,Switzerland,Equipment,7542543.45,5322457.74,8159724.03,9063860.1,6975999.08,10247585.05,32.45,51.09,39.32,44.22
2026-10-01,Austria,Industrial Solutions,11755796.7,7765461.43,18357578.3,23446078.52,12057629.49,29746027.32,48.41,93.6,48.13,93.87
2026-10-01,Austria,Services,8278461.92,4523350.75,13696607.79,13567419.81,7208881.93,20055145.66,51.29,92.98,49.4,94.87
2026-10-01,Austria,Equipment,9089366.81,6620969.69,13993062.04,20840637.0,10385670.48,24448028.57,47.72,97.58,48.63,96.68
2026-10-01,Germany,Industrial Solutions,14536587.02,10176239.55,17421742.69,16664354.52,13972743.01,20113354.2,37.15,50.76,42.57,45.35
2026-10-01,Germany,Services,9929167.67,5387043.13,12800737.93,8811682.67,7471196.45,14141224.15,39.97,50.71,42.99,47.68
2026-10-01,Germany,Equipment,10525467.97,7498023.95,12690582.74,13666741.95,9896169.7,16461154.99,37.38,56.5,40.91,52.97
2026-10-01,France,Industrial Solutions,13621804.35,9022519.16,33549890.83,16611132.44,11086413.77,39074609.49,76.35,57.07,38.09,95.33
2026-10-01,France,Services,9838097.87,5459937.26,24802873.75,10107696.78,6625764.96,28284805.56,78.15,57.39,37.62,97.92
2026-10-01,France,Equipment,10667026.13,7907965.91,26057919.44,16126745.82,9827786.15,32356879.11,75.73,63.22,38.53,100.42
2026-10-01,Italy,Industrial Solutions,11073251.71,7331088.45,19719525.07,15793704.07,18550362.54,16962866.6,55.21,66.78,78.44,43.55
2026-10-01,Italy,Services,7873764.39,4252862.75,14763227.04,8701499.61,10942448.56,12522278.1,58.12,63.43,79.76,41.79
2026-10-01,Italy,Equipment,8816534.24,6289848.57,15797013.47,14454658.35,16647900.89,13603770.93,55.54,71.24,82.05,44.73
2026-10-01,Switzerland,Industrial Solutions,9569419.19,6467894.73,9672101.75,9666311.54,8559487.18,10778926.11,31.33,46.33,41.02,36.64
2026-10-01,Switzerland,Services,6875690.62,3859236.44,7772638.16,5643657.91,4856898.69,8559397.38,35.04,45.33,39.01,41.36
2026-10-01,Switzerland,Equipment,7836104.65,5515969.02,8247133.58,9047271.79,7206522.29,10087883.08,32.63,50.85,40.5,42.97
2026-11-01,Austria,Industrial Solutions,11137159.33,7483810.64,17566182.63,23005124.42,11677840.67,28893466.38,47.32,92.22,46.81,92.72
2026-11-01,Austria,Services,8592920.79,4741362.94,14437511.69,14607373.78,7562148.84,21482736.64,50.4,92.43,47.85,94.98
2026-11-01,Austria,Equipment,9181511.02,6616907.04,15060080.22,21611291.56,10899681.39,25771690.39,49.21,97.98,49.42,97.77
2026-11-01,Germany,Industrial Solutions,14134590.02,9443421.77,18366371.83,15991825.09,13472606.65,20885590.27,38.98,50.8,42.8,46.98
2026-11-01,Germany,Services,9255013.2,5205696.45,12927840.35,9188832.88,7414799.11,14701874.12,41.91,52.95,42.73,52.13
2026-11-01,Germany,Equipment,10188270.78,7151103.59,12830019.71,13320945.57,10128650.72,16022314.57,37.78,55.88,42.49,51.17
2026-11-01,France,Industrial Solutions,12733374.95,8905784.78,32102694.92,17550995.91,11031938.86,38621751.98,75.63,59.12,37.16,97.59
2026-11-01,France,Services,9371442.41,5285034.2,24346835.51,10282872.63,6800740.85,27828967.29,77.94,58.37,38.6,97.71
2026-11-01,France,Equipment,9589817.96,6905732.0,23828774.42,14194339.35,8677737.88,29345375.89,74.54,61.66,37.7,98.51
2026-11-01,Italy,Industrial Solutions,10064217.27,6648956.6,18047170.77,14806372.83,17783242.09,15070301.5,53.8,66.81,80.24,40.36
2026-11-01,Italy,Services,7759081.24,4250210.78,14831514.86,9212183.58,11292761.33,12750937.1,57.35,65.02,79.71,42.66
2026-11-01,Italy,Equipment,7778439.72,5647798.27,14017507.04,13272753.17,15196524.26,12093735.95,54.06,70.5,80.72,43.84
2026-11-01,Switzerland,Industrial Solutions,9040907.55,5986012.6,9806088.45,8957361.73,7769763.16,10993687.02,32.54,44.89,38.94,38.49
2026-11-01,Switzerland,Services,6919726.51,3704868.34,8167485.6,5718579.52,4862520.19,9023544.93,35.41,46.31,39.37,42.34
2026-11-01,Switzerland,Equipment,6946030.68,4887531.63,7321646.16,7950895.93,6591844.41,8680697.67,31.62,48.8,40.46,39.96
2026-12-01,Austria,Industrial Solutions,12238345.28,8326779.49,19514431.18,25450923.49,12982209.92,31983144.76,49.43,94.75,48.33,95.85
2026-12-01,Austria,Services,8734493.09,4839682.72,14392964.5,14454656.22,7327661.48,21519959.23,51.08,92.59,46.94,96.73
2026-12-01,Austria,Equipment,10396955.94,7463254.13,15803545.02,23406311.75,11496467.36,27713389.42,47.12,97.22,47.75,96.59
2026-12-01,Germany,Industrial Solutions,15438162.33,10645098.71,19229981.74,17332424.43,14349836.21,22212569.96,38.61,50.47,41.79,47.3
2026-12-01,Germany,Services,10260737.73,5480602.17,13375083.63,9336843.0,7263657.11,15448269.51,40.41,52.81,41.09,52.14
2026-12-01,Germany,Equipment,11474816.12,8120689.74,13654155.9,14699734.38,11316365.01,17037525.27,36.89,56.11,43.2,49.8
2026-12-01,France,Industrial Solutions,14722606.08,10287431.71,35593250.5,18796757.82,12646687.46,41743320.87,74.95,56.64,38.11,93.48
2026-12-01,France,Services,9782787.15,5491702.41,24021168.85,10267548.86,6590416.85,27698300.86,76.12,57.96,37.2,96.88
2026-12-01,France,Equipment,10699653.36,7813462.8,25849010.08,15760726.8,9517152.05,32092584.83,74.89,62.53,37.76,99.66
2026-12-01,Italy,Industrial Solutions,11568547.66,8001139.29,21007691.21,17234919.97,21003542.0,17239069.18,56.29,66.78,81.38,41.69
2026-12-01,Italy,Services,7869883.82,4377295.84,14669173.74,9043100.02,11527281.52,12184992.25,57.78,64.04,81.64,40.19
2026-12-01,Italy,Equipment,8447090.85,6228514.12,14952134.38,14180166.0,16227268.16,12905032.23,54.87,70.58,80.76,44.68
2026-12-01,Switzerland,Industrial Solutions,10823391.06,7420258.48,11248908.31,10491278.58,9585101.95,12155084.93,32.22,43.83,40.04,36.0
2026-12-01,Switzerland,Services,6853600.44,3823180.36,7743610.33,5609791.39,4797476.55,8555925.17,35.03,45.49,38.9,41.61
2026-12-01,Switzerland,Equipment,7552751.37,5508562.74,7596216.71,8656221.26,6899752.09,9352685.88,31.18,48.71,38.83,41.06
